Event,CAR,Km start,Distance m,Distance km
A,S1,1.0,2000,2
A,S2,1.7,5000,5
A,S3,2.7,2000,2
A,S6,3.4000000000000004,8000,8
A,S4,5.0,3000,3
B,S5,2.0,6000,6
B,S1,2.7,1000,1
B,S2,4.2,1500,1.5
B,S2,6.2,80,0.08
B,S2,7.3,1000,1
B,S2,8.600000000000001,4000,10
C,S1,9.300000000000002,6000,6
C,S2,9.800000000000002,8000,8
C,S3,10.900000000000004,3000,3
